Kategorie,Studienfach
Geisteswissenschaften,Interdisziplinäre Studien (Schwerpunkt Geisteswissenschaften)
Geisteswissenschaften,Lernbereich Geisteswissenschaften
Geisteswissenschaften,Diakoniewissenschaft
Geisteswissenschaften,"Evang. Religionspädagogik, kirchliche Bildungsarbeit"
Geisteswissenschaften,"Evang. Theologie, -Religionslehre"
Geisteswissenschaften,Caritaswissenschaft
Geisteswissenschaften,"Kath. Religionspädagogik, kirchliche Bildungsarbeit"
Geisteswissenschaften,"Kath. Theologie, -Religionslehre"
Geisteswissenschaften,Ethik
Geisteswissenschaften,Philosophie
Geisteswissenschaften,Religionswissenschaft
Geisteswissenschaften,Alte Geschichte
Geisteswissenschaften,Archäologie
Geisteswissenschaften,Geschichte
Geisteswissenschaften,Mittlere und neuere Geschichte
Geisteswissenschaften,Ur- und Frühgeschichte
Geisteswissenschaften,Wirtschafts-/Sozialgeschichte
Geisteswissenschaften,Wissenschaftsgeschichte/Technikgeschichte
Geisteswissenschaften,Archiv- und Dokumentationswissenschaft
Geisteswissenschaften,Informations- und Bibliothekswissenschaften (nicht für Verwaltungsfachhochschulen)
Geisteswissenschaften,Allgemeine Literaturwissenschaft
Geisteswissenschaften,Allgemeine Sprachwissenschaft
Geisteswissenschaften,Angewandte Sprachwissenschaft
Geisteswissenschaften,Berufsbezogene Fremdsprachenausbildung
Geisteswissenschaften,Computerlinguistik
Geisteswissenschaften,Byzantinistik
Geisteswissenschaften,Griechisch
Geisteswissenschaften,Klassische Philologie
Geisteswissenschaften,Latein
Geisteswissenschaften,Neugriechisch
Geisteswissenschaften,Dänisch
Geisteswissenschaften,Deutsch als Fremdsprache oder als Zweitsprache
Geisteswissenschaften,Germanistik/Deutsch
Geisteswissenschaften,Niederdeutsch
Geisteswissenschaften,Niederländisch
Geisteswissenschaften,"Nordistik/Skandinavistik (Nordische Philologie, Einzelsprachen a.n.g.)"
Geisteswissenschaften,Amerikanistik/Amerikakunde
Geisteswissenschaften,Anglistik/Englisch
Geisteswissenschaften,Französisch
Geisteswissenschaften,Italienisch
Geisteswissenschaften,Portugiesisch
Geisteswissenschaften,"Romanistik (Roman. Philologie, Einzelsprachen a.n.g.)"
Geisteswissenschaften,Spanisch
Geisteswissenschaften,Baltistik
Geisteswissenschaften,Finno-Ugristik
Geisteswissenschaften,"Slawistik (Slaw. Philologie, ohne Sorabistik)"
Geisteswissenschaften,Sorabistik
Geisteswissenschaften,Ägyptologie
Geisteswissenschaften,Afrikanistik
Geisteswissenschaften,Arabisch/Arabistik
Geisteswissenschaften,Außereuropäische Sprachen und Kulturen in Ozeanien und Amerika
Geisteswissenschaften,Judaistik/Hebräisch
Geisteswissenschaften,Indologie
Geisteswissenschaften,Iranistik
Geisteswissenschaften,Islamwissenschaft
Geisteswissenschaften,Japanologie
Geisteswissenschaften,Kaukasistik
Geisteswissenschaften,Orientalistik/Altorientalistik
Geisteswissenschaften,Sinologie/Koreanistik
Geisteswissenschaften,Turkologie
Geisteswissenschaften,Asiatische Sprachen und Kulturen/Asienwissenschaften
Geisteswissenschaften,Europäische Ethnologie und Kulturwissenschaft
Geisteswissenschaften,Ethnologie
Geisteswissenschaften,Volkskunde
Geisteswissenschaften,Islamische Studien/Islamische Theologie
Geisteswissenschaften,Medienwissenschaft
"Mathematik, Naturwissenschaften",Interdisziplinäre Studien (Schwerpunkt Naturwissenschaften)
"Mathematik, Naturwissenschaften",Lernbereich Naturwissenschaften/Sachunterricht
"Mathematik, Naturwissenschaften",Orientierungsstudium MINT
"Mathematik, Naturwissenschaften",Statistik
"Mathematik, Naturwissenschaften",Mathematik
"Mathematik, Naturwissenschaften",Technomathematik
"Mathematik, Naturwissenschaften",Wirtschaftsmathematik
"Mathematik, Naturwissenschaften",Astrophysik und Astronomie
"Mathematik, Naturwissenschaften",Physik
"Mathematik, Naturwissenschaften",Biochemie
"Mathematik, Naturwissenschaften",Chemie
"Mathematik, Naturwissenschaften",Lebensmittelchemie
"Mathematik, Naturwissenschaften",Pharmazie
"Mathematik, Naturwissenschaften",Anthropologie (Humanbiologie)
"Mathematik, Naturwissenschaften",Biologie
"Mathematik, Naturwissenschaften",Biomedizin
"Mathematik, Naturwissenschaften",Biotechnologie
"Mathematik, Naturwissenschaften",Geologie/Paläontologie
"Mathematik, Naturwissenschaften",Geophysik
"Mathematik, Naturwissenschaften",Geoökologie
"Mathematik, Naturwissenschaften",Geowissenschaften allgemein
"Mathematik, Naturwissenschaften",Meteorologie
"Mathematik, Naturwissenschaften",Mineralogie
"Mathematik, Naturwissenschaften",Ozeanographie
"Mathematik, Naturwissenschaften",Geographie/Erdkunde
"Mathematik, Naturwissenschaften",Landschaftsökologie/Biogeographie
"Mathematik, Naturwissenschaften",Wirtschafts-/Sozialgeographie
Humanmedizin/Gesundheitswissenschaften,Ergotherapie
Humanmedizin/Gesundheitswissenschaften,Gesundheitspädagogik
Humanmedizin/Gesundheitswissenschaften,Gesundheitswissenschaften/-management
Humanmedizin/Gesundheitswissenschaften,Hebammenwissenschaft
Humanmedizin/Gesundheitswissenschaften,Logopädie/Sprachtherapie
Humanmedizin/Gesundheitswissenschaften,Pflegewissenschaft/-management
Humanmedizin/Gesundheitswissenschaften,Physiotherapie
Humanmedizin/Gesundheitswissenschaften,Medizin (Allgemein-Medizin)
Humanmedizin/Gesundheitswissenschaften,Zahnmedizin
"Agrar-, Forst- und Ernährungswissenschaften, Veterinärmedizin",Tiermedizin/Veterinärmedizin
"Agrar-, Forst- und Ernährungswissenschaften, Veterinärmedizin",Landschaftsgestaltung
"Agrar-, Forst- und Ernährungswissenschaften, Veterinärmedizin",Naturschutz
"Agrar-, Forst- und Ernährungswissenschaften, Veterinärmedizin",Agrarbiologie
"Agrar-, Forst- und Ernährungswissenschaften, Veterinärmedizin",Agrarökonomie
"Agrar-, Forst- und Ernährungswissenschaften, Veterinärmedizin",Agrarwissenschaft/Landwirtschaft
"Agrar-, Forst- und Ernährungswissenschaften, Veterinärmedizin",Brauwesen/Getränketechnologie
"Agrar-, Forst- und Ernährungswissenschaften, Veterinärmedizin",Gartenbau
"Agrar-, Forst- und Ernährungswissenschaften, Veterinärmedizin",Lebensmitteltechnologie
"Agrar-, Forst- und Ernährungswissenschaften, Veterinärmedizin",Milch- und Molkereiwirtschaft
"Agrar-, Forst- und Ernährungswissenschaften, Veterinärmedizin",Pflanzenproduktion
"Agrar-, Forst- und Ernährungswissenschaften, Veterinärmedizin",Tierproduktion
"Agrar-, Forst- und Ernährungswissenschaften, Veterinärmedizin",Weinbau und Kellerwirtschaft
"Agrar-, Forst- und Ernährungswissenschaften, Veterinärmedizin","Forstwissenschaft, -wirtschaft"
"Agrar-, Forst- und Ernährungswissenschaften, Veterinärmedizin",Holzwirtschaft
"Agrar-, Forst- und Ernährungswissenschaften, Veterinärmedizin",Ernährungswissenschaft
"Agrar-, Forst- und Ernährungswissenschaften, Veterinärmedizin",Haushalts- und Ernährungswissenschaft
"Agrar-, Forst- und Ernährungswissenschaften, Veterinärmedizin",Haushaltswissenschaft
Ingenieurwissenschaften,Angewandte Systemwissenschaften
Ingenieurwissenschaften,Interdisziplinäre Studien (Schwerpunkt Ingenieurwissenschaften)
Ingenieurwissenschaften,Lernbereich Technik
Ingenieurwissenschaften,Mechatronik
Ingenieurwissenschaften,Medientechnik
Ingenieurwissenschaften,Regenerative Energien
Ingenieurwissenschaften,Werken (technisch)/Technologie
Ingenieurwissenschaften,Archäometrie (Ingenieurarchäologie)
Ingenieurwissenschaften,Bergbau/Bergtechnik
Ingenieurwissenschaften,Hütten- und Gießereiwesen
Ingenieurwissenschaften,Markscheidewesen
Ingenieurwissenschaften,Abfallwirtschaft
Ingenieurwissenschaften,Augenoptik
Ingenieurwissenschaften,Chemie-Ingenieurwesen/Chemieverfahrenstechnik
Ingenieurwissenschaften,Druck- und Reproduktionstechnik
Ingenieurwissenschaften,Energieverfahrenstechnik
Ingenieurwissenschaften,Feinwerktechnik
Ingenieurwissenschaften,Fertigungs-/Produktionstechnik
Ingenieurwissenschaften,Gesundheitstechnik
Ingenieurwissenschaften,Glastechnik/Keramik
Ingenieurwissenschaften,Holz-/Fasertechnik
Ingenieurwissenschaften,Kunststofftechnik
Ingenieurwissenschaften,Maschinenbau/-wesen
Ingenieurwissenschaften,Metalltechnik
Ingenieurwissenschaften,Physikalische Technik/Mechanische Verfahrenstechnik
Ingenieurwissenschaften,Technische Kybernetik
Ingenieurwissenschaften,Textil- und Bekleidungstechnik/-gewerbe
Ingenieurwissenschaften,Transport-/Fördertechnik
Ingenieurwissenschaften,Umwelttechnik (einschl. Recycling)
Ingenieurwissenschaften,Verfahrenstechnik
Ingenieurwissenschaften,Versorgungstechnik
Ingenieurwissenschaften,Elektrische Energietechnik
Ingenieurwissenschaften,Elektrotechnik/Elektronik
Ingenieurwissenschaften,Mikroelektronik
Ingenieurwissenschaften,Mikrosystemtechnik
Ingenieurwissenschaften,Kommunikations- und Informationstechnik
Ingenieurwissenschaften,Optoelektronik
Ingenieurwissenschaften,Fahrzeugtechnik
Ingenieurwissenschaften,Luft- und Raumfahrttechnik
Ingenieurwissenschaften,Nautik/Seefahrt
Ingenieurwissenschaften,"Schiffbau/Schiffstechnik, Meerestechnik"
Ingenieurwissenschaften,Verkehrsingenieurwesen
Ingenieurwissenschaften,Architektur
Ingenieurwissenschaften,Innenarchitektur
Ingenieurwissenschaften,Raumplanung
Ingenieurwissenschaften,Umweltschutz
Ingenieurwissenschaften,Bauingenieurwesen/Ingenieurbau
Ingenieurwissenschaften,Konstruktiver Ingenieurbau
Ingenieurwissenschaften,Wasserbau
Ingenieurwissenschaften,Wasserwirtschaft
Ingenieurwissenschaften,Kartographie
Ingenieurwissenschaften,Vermessungswesen (Geodäsie)
Ingenieurwissenschaften,Wirtschaftsingenieurwesen mit ingenieurwiss. Schwerpunkt
Ingenieurwissenschaften,Bioinformatik
Ingenieurwissenschaften,Computer- und Kommunikationstechniken
Ingenieurwissenschaften,Informatik
Ingenieurwissenschaften,Ingenieurinformatik/Technische Informatik
Ingenieurwissenschaften,Medieninformatik
Ingenieurwissenschaften,Medizinische Informatik
Ingenieurwissenschaften,Wirtschaftsinformatik
Ingenieurwissenschaften,Materialwissenschaft
Ingenieurwissenschaften,Werkstofftechnik
"Kunst, Kunstwissenschaft","Interdisziplinäre Studien (Schwerpunkt Kunst, Kunstwissenschaft)"
"Kunst, Kunstwissenschaft",Restaurierungskunde
"Kunst, Kunstwissenschaft",Bildende Kunst/Graphik
"Kunst, Kunstwissenschaft",Bildhauerei/Plastik
"Kunst, Kunstwissenschaft",Malerei
"Kunst, Kunstwissenschaft",Neue Medien
"Kunst, Kunstwissenschaft",Angewandte Kunst
"Kunst, Kunstwissenschaft",Edelstein- und Schmuckdesign
"Kunst, Kunstwissenschaft",Graphikdesign/Kommunikationsgestaltung
"Kunst, Kunstwissenschaft",Industriedesign/Produktgestaltung
"Kunst, Kunstwissenschaft",Textilgestaltung
"Kunst, Kunstwissenschaft",Werkerziehung
"Kunst, Kunstwissenschaft",Darstellende Kunst/Bühnenkunst/Regie
"Kunst, Kunstwissenschaft",Film und Fernsehen
"Kunst, Kunstwissenschaft",Schauspiel
"Kunst, Kunstwissenschaft",Tanzpädagogik
"Kunst, Kunstwissenschaft",Theaterwissenschaft
"Kunst, Kunstwissenschaft",Dirigieren
"Kunst, Kunstwissenschaft",Gesang
"Kunst, Kunstwissenschaft",Instrumentalmusik
"Kunst, Kunstwissenschaft",Jazz und Popularmusik
"Kunst, Kunstwissenschaft",Kirchenmusik
"Kunst, Kunstwissenschaft",Komposition
"Kunst, Kunstwissenschaft",Orchestermusik
"Kunst, Kunstwissenschaft",Rhythmik
"Kunst, Kunstwissenschaft",Tonmeister
"Kunst, Kunstwissenschaft",Kunstpädagogik
"Kunst, Kunstwissenschaft","Kunstgeschichte, Kunstwissenschaft"
"Kunst, Kunstwissenschaft",Musikpädagogik
"Kunst, Kunstwissenschaft",Musikwissenschaft/-geschichte
Rechts- und Verwaltungswissenschaften,Rechtswissenschaft
Rechts- und Verwaltungswissenschaften,Wirtschaftsrecht
Rechts- und Verwaltungswissenschaften,"Arbeits- und Sozialverwaltung, Berufsberatung"
Rechts- und Verwaltungswissenschaften,Archiv- und Bibliothekswesen
Rechts- und Verwaltungswissenschaften,Auswärtige Angelegenheiten
Rechts- und Verwaltungswissenschaften,"Bundeswehr, Justiz und Polizei"
Rechts- und Verwaltungswissenschaften,"Finanz-, Zoll- und Steuerverwaltung"
Rechts- und Verwaltungswissenschaften,Innere Verwaltung
Rechts- und Verwaltungswissenschaften,Verkehrswesen
Rechts- und Verwaltungswissenschaften,Verwaltungswissenschaft/-wesen
Wirtschaftswissenschaften,Arbeitslehre/Wirtschaftslehre
Wirtschaftswissenschaften,Betriebswirtschaftslehre
Wirtschaftswissenschaften,Europäische Wirtschaft
Wirtschaftswissenschaften,Medienwirtschaft/Medienmanagement
Wirtschaftswissenschaften,Internationale Betriebswirtschaft/Management
Wirtschaftswissenschaften,Sportmanagement/Sportökonomie
Wirtschaftswissenschaften,Tourismuswirtschaft
Wirtschaftswissenschaften,Verkehrswirtschaft
Wirtschaftswissenschaften,Volkswirtschaftslehre
Wirtschaftswissenschaften,Wirtschaftspädagogik
Wirtschaftswissenschaften,Wirtschaftswissenschaften
Wirtschaftswissenschaften,Facility Management
Wirtschaftswissenschaften,Wirtschaftsingenieurwesen mit wirtschaftswiss. Schwerpunkt
"Sozial- und Verhaltenswissenschaften, Sport",Interdisziplinäre Studien (Schwerpunkt Sozial- und Verhaltenswissenschaften)
"Sozial- und Verhaltenswissenschaften, Sport",Lernbereich Gesellschaftslehre
"Sozial- und Verhaltenswissenschaften, Sport",Orientierungsstudium Gesellschaftswissenschaften
"Sozial- und Verhaltenswissenschaften, Sport",Lateinamerika-Studien
"Sozial- und Verhaltenswissenschaften, Sport",Ost- und Südosteuropa-Studien
"Sozial- und Verhaltenswissenschaften, Sport",Sonstige Regionalwissenschaften
"Sozial- und Verhaltenswissenschaften, Sport",Politikwissenschaft/Politologie
"Sozial- und Verhaltenswissenschaften, Sport",Sozialkunde
"Sozial- und Verhaltenswissenschaften, Sport",Sozialwissenschaften
"Sozial- und Verhaltenswissenschaften, Sport",Soziologie
"Sozial- und Verhaltenswissenschaften, Sport",Soziale Arbeit
"Sozial- und Verhaltenswissenschaften, Sport",Sozialpädagogik
"Sozial- und Verhaltenswissenschaften, Sport",Sozialwesen
"Sozial- und Verhaltenswissenschaften, Sport",Psychologie
"Sozial- und Verhaltenswissenschaften, Sport",Ausländerpädagogik
"Sozial- und Verhaltenswissenschaften, Sport",Berufs- und Wirtschaftspädagogik
"Sozial- und Verhaltenswissenschaften, Sport",Erwachsenenbildung und außerschulische Jugendbildung
"Sozial- und Verhaltenswissenschaften, Sport",Erziehungswissenschaften (Pädagogik)
"Sozial- und Verhaltenswissenschaften, Sport",Grundschul-/Primarstufenpädagogik
"Sozial- und Verhaltenswissenschaften, Sport",Kindheitspädagogik
"Sozial- und Verhaltenswissenschaften, Sport",Sachunterricht (einschl. Schulgarten)
"Sozial- und Verhaltenswissenschaften, Sport",Schulpädagogik
"Sozial- und Verhaltenswissenschaften, Sport",Sonderpädagogik
"Sozial- und Verhaltenswissenschaften, Sport",Kommunikationswissenschaft/Publizistik
"Sozial- und Verhaltenswissenschaften, Sport",Sportpädagogik/Sportpsychologie
"Sozial- und Verhaltenswissenschaften, Sport",Sportwissenschaft
Außerhalb der Studienbereichsgliederung,Sonstiges Orientierungsstudium
Außerhalb der Studienbereichsgliederung,Studienkolleg
Außerhalb der Studienbereichsgliederung,Sonstige Fächer
Sonstige,Sonstige
